1,Latte,1278
2,Kent,1279
3,Rede,1324
4,Mocha,1325
5,Irish,1326
6,Span,1327
7,Bavar,1328
8,FlatW,1329
9,Don,1330
10,Latte,1331
11,Kent,1332
12,Rede,1333
13,Mocha,1334
14,Irish,1335
15,Span,1336
16,Bavar,1337
17,FlatW,1338
18,Don,1339
19,Latte,1340
20,Kent,1341
21,Rede,1342
22,Mocha,1343
23,Irish,1344
24,Span,1345
25,Bavar,1346
26,FlatW,1347
27,Don,1348
28,Latte,1349
29,Kent,1350
30,Rede,1351
31,Mocha,1352
32,Irish,1353
33,Span,1354
34,Bavar,1355
35,FlatW,1356
36,Don,1357
37,Latte,1358
38,Kent,1359
39,Rede,1360
40,Mocha,1361
41,Irish,1362
42,Span,1363
43,Bavar,1364
44,FlatW,1365
45,Don,1366
46,Latte,1367
47,Capp,1368
48,Amc,1369
49,Espr,1370
50,Dop,1371
51,Rede,1372
52,Mocha,1373
53,FlatW,1374
54,Affo,1375
55,Irish,1376
56,Espm,1377
57,Wake,1378
58,Icedp,1379
59,CafRo,1380
60,Span,1381
61,Truff,1382
62,Mexi,1383
63,Kent,1384
64,Bavar,1385
65,Don,1386
66,Latte,1387
67,Capp,1388
68,Amc,1389
69,Espr,1390
70,Dop,1391
71,Rede,1392
72,Mocha,1393
73,FlatW,1394
74,Affo,1395
75,Irish,1396
76,Espm,1397
77,Wake,1398
78,Icedp,1399
79,CafRo,1400
80,Span,1401
81,Truff,1402
82,Mexi,1403
83,Kent,1404
84,Bavar,1405
85,Don,1406
86,Latte,1407
87,Capp,1408
88,Amc,1409
89,Espr,1410
90,Dop,1411
91,Rede,1412
92,Mocha,1413
93,FlatW,1414
94,Affo,1415
95,Irish,1416
96,Espm,1417
97,Wake,1418
98,Icedp,1419
99,CafRo,1420
100,Span,1421
101,Truff,1422
102,Mexi,1423
103,Kent,1424
104,Bavar,1425
105,Don,1426
106,Latte,1427
107,Capp,1428
108,Amc,1429
109,Espr,1430
110,Dop,1431
111,Rede,1432
112,Mocha,1433
113,FlatW,1434
114,Affo,1435
115,Irish,1436
116,Espm,1437
117,Wake,1438
118,Icedp,1439
119,CafRo,1440
120,Span,1441
121,Truff,1442
122,Mexi,1443
123,Kent,1444
124,Bavar,1445
125,Don,1446
126,Latte,1447
127,Capp,1448
128,Amc,1449
129,Espr,1450
130,Dop,1451
131,Rede,1452
132,Mocha,1453
133,FlatW,1454
134,Affo,1455
135,Irish,1456
136,Espm,1457
137,Wake,1458
138,Icedp,1459
139,CafRo,1460
140,Span,1461
141,Truff,1462
142,Mexi,1463
143,Kent,1464
144,Bavar,1465
145,Don,1466
146,Latte,1467
147,Capp,1468
148,Amc,1469
149,Espr,1470
150,Dop,1471
151,Rede,1472
152,Mocha,1473
153,FlatW,1474
154,Affo,1475
155,Irish,1476
156,Espm,1477
157,Wake,1478
158,Icedp,1479
159,CafRo,1480
160,Span,1481
161,Truff,1482
162,Mexi,1483
163,Kent,1484
164,Bavar,1485
165,Don,1486
166,Latte,1487
167,Capp,1488
168,Amc,1489
169,Espr,1490
170,Dop,1491
171,Rede,1492
172,Mocha,1493
173,FlatW,1494
174,Affo,1495
175,Irish,1496
176,Espm,1497
177,Wake,1498
178,Icedp,1499
179,CafRo,1500
180,Span,1501
181,Truff,1502
182,Mexi,1503
183,Kent,1504
184,Bavar,1505
185,Don,1506
186,Latte,1507
187,Capp,1508
188,Amc,1509
189,Espr,1510
190,Dop,1511
191,Rede,1512
192,Mocha,1513
193,FlatW,1514
194,Affo,1515
195,Irish,1516
196,Espm,1517
197,Wake,1518
198,Icedp,1519
199,CafRo,1520
200,Span,1521
201,Truff,1522
202,Mexi,1523
203,Kent,1524
204,Bavar,1525
205,Don,1526
206,Latte,1527
207,Kent,1528
208,Rede,1529
209,Mocha,1530
210,Irish,1531
211,Span,1532
212,Bavar,1533
213,FlatW,1534
214,Don,1535
215,Latte,1536
216,Kent,1537
217,Rede,1538
218,Mocha,1539
219,Irish,1540
220,Span,1541
221,Bavar,1542
222,FlatW,1543
223,Don,1544
224,Latte,1545
225,Kent,1546
226,Rede,1547
227,Mocha,1548
228,Irish,1549
229,Span,1550
230,Bavar,1551
231,FlatW,1553
232,Don,1554
233,Latte,1555
234,Kent,1556
235,Rede,1557
236,Mocha,1558
237,Irish,1559
238,Span,1560
239,Bavar,1561
240,FlatW,1562
241,Don,1563
242,Latte,1564
243,Kent,1565
244,Rede,1566
245,Mocha,1567
246,Irish,1568
247,Span,1569
248,Bavar,1570
249,FlatW,1571
250,Don,1572
251,Latte,1573
252,Capp,1574
253,Amc,1575
254,Espr,1576
255,Dop,1577
256,Rede,1578
257,Mocha,1579
258,FlatW,1580
259,Affo,1581
260,Irish,1582
261,Espm,1583
262,Wake,1584
263,Icedp,1585
264,CafRo,1586
265,Span,1587
266,Truff,1588
267,Mexi,1589
268,Kent,1590
269,Bavar,1591
270,Don,1592
271,Latte,1593
272,Capp,1594
273,Amc,1595
274,Espr,1596
275,Dop,1597
276,Rede,1598
277,Mocha,1599
278,FlatW,1600
279,Affo,1601
280,Irish,1602
281,Espm,1603
282,Wake,1604
283,Icedp,1605
284,CafRo,1606
285,Span,1607
286,Truff,1608
287,Mexi,1609
288,Kent,1610
289,Bavar,1611
290,Don,1612
291,Latte,1613
292,Capp,1614
293,Amc,1615
294,Espr,1616
295,Dop,1617
296,Rede,1618
297,Mocha,1619
298,FlatW,1620
299,Affo,1621
300,Irish,1622
301,Espm,1623
302,Wake,1624
303,Icedp,1625
304,CafRo,1626
305,Span,1627
306,Truff,1628
307,Mexi,1629
308,Kent,1630
309,Bavar,1631
310,Don,1632
311,Latte,1633
312,Capp,1634
313,Amc,1635
314,Espr,1636
315,Dop,1637
316,Rede,1638
317,Mocha,1639
318,FlatW,1640
319,Affo,1641
320,Irish,1642
321,Espm,1643
322,Wake,1644
323,Icedp,1645
324,CafRo,1646
325,Span,1647
326,Truff,1648
327,Mexi,1649
328,Kent,1650
329,Bavar,1651
330,Don,1652
331,Latte,1653
332,Capp,1654
333,Amc,1655
334,Espr,1656
335,Dop,1657
336,Rede,1658
337,Mocha,1659
338,FlatW,1660
339,Affo,1661
340,Irish,1662
341,Espm,1663
342,Wake,1664
343,Icedp,1665
344,CafRo,1667
345,Span,1668
346,Truff,1669
347,Mexi,1670
348,Kent,1671
349,Bavar,1672
350,Don,1673
351,Latte,1674
352,Capp,1675
353,Amc,1676
354,Espr,1677
355,Dop,1678
356,Rede,1679
357,Mocha,1680
358,FlatW,1681
359,Affo,1682
360,Irish,1683
361,Espm,1684
362,Wake,1685
363,Icedp,1686
364,CafRo,1687
365,Span,1688
366,Truff,1689
367,Mexi,1690
368,Kent,1691
369,Bavar,1692
370,Don,1693
371,Latte,1694
372,Capp,1695
373,Amc,1696
374,Espr,1697
375,Dop,1698
376,Rede,1699
377,Mocha,1700
378,FlatW,1701
379,Affo,1702
380,Irish,1703
381,Espm,1704
382,Wake,1705
383,Icedp,1706
384,CafRo,1707
385,Span,1708
386,Truff,1709
387,Mexi,1710
388,Kent,1711
389,Bavar,1712
390,Don,1713
391,Latte,1714
392,Capp,1715
393,Amc,1716
394,Espr,1717
395,Dop,1718
396,Rede,1719
397,Mocha,1720
398,FlatW,1721
399,Affo,1722
400,Irish,1723
401,Espm,1724
402,Wake,1725
403,Icedp,1726
404,CafRo,1727
405,Span,1728
406,Truff,1729
407,Mexi,1730
408,Kent,1731
409,Bavar,1732
410,Don,1733
411,Latte,1734
412,Kent,1735
413,Rede,1736
414,Mocha,1737
415,Irish,1738
416,Span,1739
417,Bavar,1740
418,FlatW,1741
419,Don,1742
420,Latte,1743
421,Kent,1744
422,Rede,1745
423,Mocha,1746
424,Irish,1747
425,Span,1748
426,Bavar,1749
427,FlatW,1750
428,Don,1751
429,Latte,1752
430,Kent,1753
431,Rede,1754
432,Mocha,1755
433,Irish,1756
434,Span,1757
435,Bavar,1758
436,FlatW,1759
437,Don,1760
438,Latte,1761
439,Kent,1762
440,Rede,1763
441,Mocha,1764
442,Irish,1765
443,Span,1766
444,Bavar,1767
445,FlatW,1768
446,Don,1769
447,Latte,1770
448,Kent,1771
449,Rede,1772
450,Mocha,1773
451,Irish,1774
452,Span,1775
453,Bavar,1776
454,FlatW,1777
455,Don,1778
456,Latte,1779
457,Capp,1780
458,Amc,1781
459,Espr,1782
460,Dop,1783
461,Rede,1784
462,Mocha,1785
463,FlatW,1786
464,Affo,1787
465,Irish,1788
466,Espm,1789
467,Wake,1790
468,Icedp,1791
469,CafRo,1792
470,Span,1793
471,Truff,1794
472,Mexi,1795
473,Kent,1796
474,Bavar,1797
475,Don,1798
476,Latte,1799
477,Capp,1800
478,Amc,1801
479,Espr,1802
480,Dop,1803
481,Rede,1804
482,Mocha,1805
483,FlatW,1806
484,Affo,1807
485,Irish,1808
486,Espm,1809
487,Wake,1810
488,Icedp,1811
489,CafRo,1812
490,Span,1813
491,Truff,1814
492,Mexi,1815
493,Kent,1816
494,Bavar,1817
495,Don,1818
496,Latte,1819
497,Capp,1820
498,Amc,1821
499,Espr,1822
500,Dop,1823
501,Rede,1824
502,Mocha,1825
503,FlatW,1826
504,Affo,1827
505,Irish,1828
506,Espm,1829
507,Wake,1830
508,Icedp,1831
509,CafRo,1832
510,Span,1833
511,Truff,1834
512,Mexi,1835
513,Kent,1836
514,Bavar,1837
515,Don,1838
516,Latte,1839
517,Capp,1840
518,Amc,1841
519,Espr,1842
520,Dop,1843
521,Rede,1844
522,Mocha,1845
523,FlatW,1846
524,Affo,1847
525,Irish,1848
526,Espm,1849
527,Wake,1850
528,Icedp,1851
529,CafRo,1852
530,Span,1853
531,Truff,1854
532,Mexi,1855
533,Kent,1856
534,Bavar,1857
535,Don,1858
536,Latte,1859
537,Capp,1860
538,Amc,1861
539,Espr,1862
540,Dop,1863
541,Rede,1864
542,Mocha,1865
543,FlatW,1866
544,Affo,1867
545,Irish,1868
546,Espm,1869
547,Wake,1870
548,Icedp,1871
549,CafRo,1872
550,Span,1873
551,Truff,1874
552,Mexi,1875
553,Kent,1876
554,Bavar,1877
555,Don,1878
556,Latte,1879
557,Capp,1880
558,Amc,1881
559,Espr,1882
560,Dop,1883
561,Rede,1884
562,Mocha,1885
563,FlatW,1886
564,Affo,1887
565,Irish,1888
566,Espm,1889
567,Wake,1890
568,Icedp,1891
569,CafRo,1892
570,Span,1893
571,Truff,1894
572,Mexi,1895
573,Kent,1896
574,Bavar,1897
575,Don,1898
576,Latte,1899
577,Capp,1900
578,Amc,1901
579,Espr,1902
580,Dop,1903
581,Rede,1904
582,Mocha,1905
583,FlatW,1906
584,Affo,1907
585,Irish,1908
586,Espm,1909
587,Wake,1910
588,Icedp,1911
589,CafRo,1912
590,Span,1913
591,Truff,1914
592,Mexi,1915
593,Kent,1916
594,Bavar,1917
595,Don,1918
596,Latte,1919
597,Capp,1920
598,Amc,1921
599,Espr,1922
600,Dop,1923
601,Rede,1924
602,Mocha,1925
603,FlatW,1926
604,Affo,1927
605,Irish,1928
606,Espm,1929
607,Wake,1930
608,Icedp,1931
609,CafRo,1932
610,Span,1933
611,Truff,1934
612,Mexi,1935
613,Kent,1936
614,Bavar,1937
615,Don,1938
616,Latte,1939
617,Kent,1940
618,Rede,1941
619,Mocha,1942
620,Irish,1943
621,Span,1944
622,Bavar,1945
623,FlatW,1946
624,Don,1947
625,Latte,1948
626,Kent,1949
627,Rede,1950
628,Mocha,1951
629,Irish,1952
630,Span,1953
631,Bavar,1954
632,FlatW,1955
633,Don,1956
634,Latte,1957
635,Kent,1958
636,Rede,1959
637,Mocha,1960
638,Irish,1961
639,Span,1962
640,Bavar,1963
641,FlatW,1964
642,Don,1965
643,Latte,1966
644,Kent,1967
645,Rede,1968
646,Mocha,1969
647,Irish,1970
648,Span,1971
649,Bavar,1972
650,FlatW,1973
651,Don,1974
652,Latte,1975
653,Kent,1976
654,Rede,1977
655,Mocha,1978
656,Irish,1979
657,Span,1980
658,Bavar,1981
659,FlatW,1983
660,Don,1984
661,Latte,1985
662,Capp,1986
663,Amc,1987
664,Espr,1988
665,Dop,1989
666,Rede,1990
667,Mocha,1991
668,FlatW,1992
669,Affo,1993
670,Irish,1994
671,Espm,1995
672,Wake,1996
673,Icedp,1997
674,CafRo,1998
675,Span,1999
676,Truff,2000
677,Mexi,2001
678,Kent,2002
679,Bavar,2003
680,Don,2004
681,Latte,2005
682,Capp,2006
683,Amc,2007
684,Espr,2008
685,Dop,2009
686,Rede,2010
687,Mocha,2011
688,FlatW,2012
689,Affo,2013
690,Irish,2014
691,Espm,2015
692,Wake,2016
693,Icedp,2017
694,CafRo,2018
695,Span,2019
696,Truff,2020
697,Mexi,2021
698,Kent,2022
699,Bavar,2023
700,Don,2024
701,Latte,2025
702,Capp,2026
703,Amc,2027
704,Espr,2028
705,Dop,2029
706,Rede,2030
707,Mocha,2031
708,FlatW,2032
709,Affo,2033
710,Irish,2034
711,Espm,2035
712,Wake,2036
713,Icedp,2037
714,CafRo,2038
715,Span,2039
716,Truff,2040
717,Mexi,2041
718,Kent,2042
719,Bavar,2043
720,Don,2044
721,Latte,2045
722,Capp,2046
723,Amc,2047
724,Espr,2048
725,Dop,2049
726,Rede,2050
727,Mocha,2051
728,FlatW,2052
729,Affo,2053
730,Irish,2054
731,Espm,2055
732,Wake,2056
733,Icedp,2057
734,CafRo,2058
735,Span,2059
736,Truff,2060
737,Mexi,2061
738,Kent,2062
739,Bavar,2063
740,Don,2064
741,Latte,2065
742,Capp,2066
743,Amc,2067
744,Espr,2068
745,Dop,2069
746,Rede,2070
747,Mocha,2071
748,FlatW,2072
749,Affo,2073
750,Irish,2074
751,Espm,2075
752,Wake,2076
753,Icedp,2077
754,CafRo,2078
755,Span,2079
756,Truff,2080
757,Mexi,2081
758,Kent,2082
759,Bavar,2083
760,Don,2084
761,Latte,2085
762,Capp,2086
763,Amc,2087
764,Espr,2088
765,Dop,2089
766,Rede,2090
767,Mocha,2091
768,FlatW,2092
769,Affo,2093
770,Irish,2094
771,Espm,2095
772,Wake,2096
773,Icedp,2097
774,CafRo,2098
775,Span,2099
776,Truff,2100
777,Mexi,2101
778,Kent,2102
779,Bavar,2104
780,Don,1010
781,Latte,1011
782,Capp,1012
783,Amc,1013
784,Espr,1014
785,Dop,1015
786,Rede,1016
787,Mocha,1017
788,FlatW,1018
789,Affo,1019
790,Irish,1020
791,Espm,1021
792,Wake,1022
793,Icedp,1023
794,CafRo,1024
795,Span,1025
796,Truff,1026
797,Mexi,1027
798,Kent,1028
799,Bavar,1029
800,Don,1030
801,Latte,1031
802,Capp,1032
803,Amc,1033
804,Espr,1034
805,Dop,1035
806,Rede,1036
807,Mocha,1037
808,FlatW,1038
809,Affo,1039
810,Irish,1040
811,Espm,1041
812,Wake,1042
813,Icedp,1043
814,CafRo,1044
815,Span,1045
816,Truff,1046
817,Mexi,1047
818,Kent,1048
819,Bavar,1049
820,Don,1050
821,Latte,1051
822,Kent,1052
823,Rede,1053
824,Mocha,1054
825,Irish,1055
826,Span,1056
827,Bavar,1057
828,FlatW,1058
829,Don,1059
830,Latte,1060
831,Kent,1061
832,Rede,1062
833,Mocha,1063
834,Irish,1064
835,Span,1065
836,Bavar,1066
837,FlatW,1067
838,Don,1068
839,Latte,1069
840,Kent,1070
841,Rede,1071
842,Mocha,1072
843,Irish,1073
844,Span,1074
845,Bavar,1075
846,FlatW,1076
847,Don,1077
848,Latte,1078
849,Kent,1079
850,Rede,1080
851,Mocha,1081
852,Irish,1082
853,Span,1083
854,Bavar,1084
855,FlatW,1085
856,Don,1086
857,Latte,1087
858,Kent,1088
859,Rede,1089
860,Mocha,1090
861,Irish,1091
862,Span,1092
863,Bavar,1093
864,FlatW,1094
865,Don,1095
866,Latte,1096
867,Capp,1097
868,Amc,1098
869,Espr,1099
870,Dop,1100
871,Rede,1101
872,Mocha,1102
873,FlatW,1103
874,Affo,1104
875,Irish,1105
876,Espm,1106
877,Wake,1107
878,Icedp,1108
879,CafRo,1109
880,Span,1110
881,Truff,1111
882,Mexi,1112
883,Kent,1113
884,Bavar,1114
885,Don,1115
886,Latte,1116
887,Capp,1117
888,Amc,1118
889,Espr,1119
890,Dop,1120
891,Rede,1121
892,Mocha,1122
893,FlatW,1123
894,Affo,1124
895,Irish,1125
896,Espm,1126
897,Wake,1127
898,Icedp,1128
899,CafRo,1129
900,Span,1130
901,Truff,1131
902,Mexi,1132
903,Kent,1133
904,Bavar,1134
905,Don,1135
906,Latte,1136
907,Capp,1137
908,Amc,1138
909,Espr,1139
910,Dop,1140
911,Rede,1141
912,Mocha,1142
913,FlatW,1143
914,Affo,1144
915,Irish,1145
916,Espm,1146
917,Wake,1147
918,Icedp,1148
919,CafRo,1149
920,Span,1150
921,Truff,1151
922,Mexi,1152
923,Kent,1153
924,Bavar,1154
925,Don,1155
926,Latte,1156
927,Capp,1157
928,Amc,1158
929,Espr,1159
930,Dop,1160
931,Rede,1161
932,Mocha,1162
933,FlatW,1163
934,Affo,1164
935,Irish,1165
936,Espm,1166
937,Wake,1167
938,Icedp,1168
939,CafRo,1169
940,Span,1170
941,Truff,1171
942,Mexi,1172
943,Kent,1173
944,Bavar,1174
945,Don,1175
946,Latte,1176
947,Capp,1177
948,Amc,1178
949,Espr,1179
950,Dop,1180
951,Rede,1181
952,Mocha,1182
953,FlatW,1183
954,Affo,1184
955,Irish,1185
956,Espm,1186
957,Wake,1187
958,Icedp,1188
959,CafRo,1189
960,Span,1190
961,Truff,1191
962,Mexi,1192
963,Kent,1193
964,Bavar,1194
965,Don,1195
966,Latte,1196
967,Capp,1197
968,Amc,1198
969,Espr,1199
970,Dop,1200
971,Rede,1201
972,Mocha,1202
973,FlatW,1203
974,Affo,1204
975,Irish,1205
976,Espm,1206
977,Wake,1207
978,Icedp,1208
979,CafRo,1209
980,Span,1210
981,Truff,1211
982,Mexi,1212
983,Kent,1213
984,Bavar,1214
985,Don,1215
986,Latte,1216
987,Capp,1217
988,Amc,1218
989,Espr,1219
990,Dop,1220
991,Rede,1221
992,Mocha,1222
993,FlatW,1223
994,Affo,1224
995,Irish,1225
996,Espm,1226
997,Wake,1227
998,Icedp,1228
999,CafRo,1229
1000,Span,1230
1001,Truff,1231
1002,Mexi,1232
1003,Kent,1233
1004,Bavar,1234
1005,Don,1235
1006,Latte,1236
1007,Capp,1237
1008,Amc,1248
1009,Espr,1249
1010,Dop,1250
1011,Rede,1251
1012,Mocha,1252
1013,FlatW,1253
1014,Affo,1254
1015,Irish,1255
1016,Espm,1256
1017,Wake,1257
1018,Icedp,1258
1019,CafRo,1259
1020,Span,1260
1021,Truff,1261
1022,Mexi,1262
1023,Kent,1263
1024,Bavar,1264
1025,Don,1265
1026,Latte,1266
1027,Kent,1267
1028,Rede,1268
1029,Mocha,1269
1030,Irish,1270
1031,Span,1271
1032,Bavar,1272
1033,FlatW,1273
1034,Don,1274
1035,Latte,1275
1036,Kent,1276
1037,Rede,1277
